[{"District":"Cox's Bazar","Upazila":"Ukhia","Settlement":"Collective site","Union":"Palong Khali","Name_Alias":"Bagghona-Putibonia","SSID":"CXB-224","SMSD__Cnam":"Camp 16","NPM_Name":"Camp 16 (Potibonia)","Area_Acres":130.570038268,"PeriMe_Met":4136.72997029,"Camp_Name":"Camp 16","Area_SqM":"528946.95881724","Latitude":"21.1563813298438","Longitude":"92.1490685817901"},{"District":"Cox's Bazar","Upazila":"Ukhia","Settlement":"Collective site","Union":"Palong Khali","Name_Alias":"","SSID":"CXB-203","SMSD__Cnam":"Camp 02E","NPM_Name":"Camp 02E","Area_Acres":96.5817859637,"PeriMe_Met":4803.16169896,"Camp_Name":"Camp 2E","Area_SqM":"391267.799744003","Latitude":"21.2078084302778","Longitude":"92.1643360947381"},{"District":"Cox's Bazar","Upazila":"Ukhia","Settlement":"Collective site","Union":"Palong Khali","Name_Alias":"Jamtoli-Baggona","SSID":"CXB-223","SMSD__Cnam":"Camp 15","NPM_Name":"Camp 15 (Jamtoli)","Area_Acres":243.253460572,"PeriMe_Met":4722.26711986,"Camp_Name":"Camp 15","Area_SqM":"985424.393160958","Latitude":"21.1606399787906","Longitude":"92.1428956454661"},{"District":"Cox's Bazar","Upazila":"Ukhia","Settlement":"Collective site","Union":"Raja Palong","Name_Alias":"Kutupalong RC","SSID":"CXB-221","SMSD__Cnam":"Camp KRC","NPM_Name":"Kutupalong RC","Area_Acres":95.7085080817,"PeriMe_Met":3094.8722371,"Camp_Name":"Kutupalong RC","Area_SqM":"387729.666427279","Latitude":"21.2120281895357","Longitude":"92.1638095873048"},{"District":"Cox's Bazar","Upazila":"Ukhia","Settlement":"Collective site","Union":"Palong Khali","Name_Alias":"","SSID":"CXB-213","SMSD__Cnam":"Camp 09","NPM_Name":"Camp 09","Area_Acres":160.392250525,"PeriMe_Met":4116.45543716,"Camp_Name":"Camp 9","Area_SqM":"649769.878002447","Latitude":"21.1899911992394","Longitude":"92.1603127317644"},{"District":"Cox's Bazar","Upazila":"Ukhia","Settlement":"Collective site","Union":"Palong Khali","Name_Alias":"","SSID":"CXB-214","SMSD__Cnam":"Camp 10","NPM_Name":"Camp 10","Area_Acres":122.600201717,"PeriMe_Met":3732.52632863,"Camp_Name":"Camp 10","Area_SqM":"496664.566973549","Latitude":"21.1897434585344","Longitude":"92.1542587569213"},{"District":"Cox's Bazar","Upazila":"Ukhia","Settlement":"Collective site","Union":"Palong Khali","Name_Alias":"","SSID":"CXB-215","SMSD__Cnam":"Camp 18","NPM_Name":"Camp 18","Area_Acres":185.743353162,"PeriMe_Met":4554.34217521,"Camp_Name":"Camp 18","Area_SqM":"752455.201838945","Latitude":"21.1889761326069","Longitude":"92.1475900170853"},{"District":"Cox's Bazar","Upazila":"Ukhia","Settlement":"Collective site","Union":"Palong Khali","Name_Alias":"","SSID":"CXB-211","SMSD__Cnam":"Camp 08W","NPM_Name":"Camp 08W","Area_Acres":190.803247703,"PeriMe_Met":4972.59234301,"Camp_Name":"Camp 8W","Area_SqM":"772961.014517136","Latitude":"21.1967904025682","Longitude":"92.1540835390571"},{"District":"Cox's Bazar","Upazila":"Ukhia","Settlement":"Collective site","Union":"Palong Khali","Name_Alias":"Modur Chora","SSID":"CXB-205","SMSD__Cnam":"Camp 03","NPM_Name":"Camp 03","Area_Acres":112.077470569,"PeriMe_Met":3687.33960162,"Camp_Name":"Camp 3","Area_SqM":"454032.205564138","Latitude":"21.2091657981519","Longitude":"92.1491644129894"},{"District":"Cox's Bazar","Upazila":"Ukhia","Settlement":"Collective site","Union":"Palong Khali","Name_Alias":"","SSID":"CXB-209","SMSD__Cnam":"Camp 05","NPM_Name":"Camp 05","Area_Acres":152.043241788,"PeriMe_Met":4331.56226316,"Camp_Name":"Camp 5","Area_SqM":"615937.498533109","Latitude":"21.2022002897854","Longitude":"92.1508142511536"},{"District":"Cox's Bazar","Upazila":"Ukhia","Settlement":"Collective site","Union":"Palong Khali","Name_Alias":"","SSID":"CXB-202","SMSD__Cnam":"Camp 01W","NPM_Name":"Camp 01W","Area_Acres":132.051624341,"PeriMe_Met":4112.12702634,"Camp_Name":"Camp 1W","Area_SqM":"534951.321824259","Latitude":"21.2134200802979","Longitude":"92.1523475347659"},{"District":"Cox's Bazar","Upazila":"Ukhia","Settlement":"Collective site","Union":"Palong Khali","Name_Alias":"","SSID":"CXB-208","SMSD__Cnam":"Camp 06","NPM_Name":"Camp 06","Area_Acres":89.2268207723,"PeriMe_Met":3549.34895626,"Camp_Name":"Camp 6","Area_SqM":"361467.391748659","Latitude":"21.2039424864128","Longitude":"92.1568592054074"},{"District":"Cox's Bazar","Upazila":"Ukhia","Settlement":"Collective site","Union":"Palong Khali","Name_Alias":"Hakimpara","SSID":"CXB-222","SMSD__Cnam":"Camp 14","NPM_Name":"Camp 14 (Hakimpara)","Area_Acres":211.73005864,"PeriMe_Met":5251.4828979,"Camp_Name":"Camp 14","Area_SqM":"857724.097582466","Latitude":"21.1670257886669","Longitude":"92.1441144615373"},{"District":"Cox's Bazar","Upazila":"Ukhia","Settlement":"Collective site","Union":"Palong Khali","Name_Alias":"","SSID":"CXB-204","SMSD__Cnam":"Camp 02W","NPM_Name":"Camp 02W","Area_Acres":96.8309572432,"PeriMe_Met":3966.59233459,"Camp_Name":"Camp 2W","Area_SqM":"392273.380201295","Latitude":"21.2089216991406","Longitude":"92.158202375778"},{"District":"Cox's Bazar","Upazila":"Ukhia","Settlement":"Collective site","Union":"Palong Khali","Name_Alias":"","SSID":"CXB-217","SMSD__Cnam":"Camp 11","NPM_Name":"Camp 11","Area_Acres":115.155913979,"PeriMe_Met":3715.80726469,"Camp_Name":"Camp 11","Area_SqM":"466508.235936966","Latitude":"21.1827600083576","Longitude":"92.1557486899011"},{"District":"Cox's Bazar","Upazila":"Ukhia","Settlement":"Collective site","Union":"Palong Khali","Name_Alias":"","SSID":"CXB-218","SMSD__Cnam":"Camp 12","NPM_Name":"Camp 12","Area_Acres":155.957705885,"PeriMe_Met":4322.02617923,"Camp_Name":"Camp 12","Area_SqM":"631796.438354133","Latitude":"21.1798484623102","Longitude":"92.1518069405581"},{"District":"Cox's Bazar","Upazila":"Ukhia","Settlement":"Collective site","Union":"Palong Khali","Name_Alias":"Lambashia","SSID":"CXB-201","SMSD__Cnam":"Camp 01E","NPM_Name":"Camp 01E","Area_Acres":156.561770147,"PeriMe_Met":4792.66483581,"Camp_Name":"Camp 1E","Area_SqM":"634247.142938022","Latitude":"21.2165331296557","Longitude":"92.1556597667091"},{"District":"Cox's Bazar","Upazila":"Ukhia","Settlement":"Collective site","Union":"Palong Khali","Name_Alias":"Tasnimarkhola-Burmapara","SSID":"CXB-220","SMSD__Cnam":"Camp 13","NPM_Name":"Camp 13","Area_Acres":186.25998779,"PeriMe_Met":4051.92456227,"Camp_Name":"Camp 13","Area_SqM":"754538.882926964","Latitude":"21.1785839779283","Longitude":"92.1398562919945"},{"District":"Cox's Bazar","Upazila":"Ukhia","Settlement":"Collective site","Union":"Palong Khali","Name_Alias":"","SSID":"CXB-212","SMSD__Cnam":"Camp 17","NPM_Name":"Camp 17","Area_Acres":235.772252907,"PeriMe_Met":5359.61817864,"Camp_Name":"Camp 17","Area_SqM":"955117.315284216","Latitude":"21.1975132730041","Longitude":"92.1428512626863"},{"District":"Cox's Bazar","Upazila":"Teknaf","Settlement":"Collective site with host community","Union":"Baharchhara","Name_Alias":"Shamlapur","SSID":"CXB-032","SMSD__Cnam":"Camp 23","NPM_Name":"Camp 23 (Shamlapur)","Area_Acres":334.926039081,"PeriMe_Met":5605.5943552,"Camp_Name":"Camp 23","Area_SqM":"1356788.4687428","Latitude":"21.0789378910931","Longitude":"92.1406697673433"},{"District":"Cox's Bazar","Upazila":"Teknaf","Settlement":"Collective site","Union":"Whykong","Name_Alias":"Unchiprang","SSID":"CXB-085","SMSD__Cnam":"Camp 22","NPM_Name":"Camp 22 (Unchiprang)","Area_Acres":137.974541788,"PeriMe_Met":3682.69914515,"Camp_Name":"Camp 22","Area_SqM":"558986.346863724","Latitude":"21.0884290217987","Longitude":"92.1968669263636"},{"District":"Cox's Bazar","Upazila":"Teknaf","Settlement":"Collective site with host community","Union":"Nhilla","Name_Alias":"Alikhali","SSID":"CXB-017","SMSD__Cnam":"Camp 25","NPM_Name":"Camp 25 (Ali Khali)","Area_Acres":279.108833595,"PeriMe_Met":7840.61755276,"Camp_Name":"Camp 25","Area_SqM":"1130867.13331107","Latitude":"20.9802578914435","Longitude":"92.2472187454269"},{"District":"Cox's Bazar","Upazila":"Teknaf","Settlement":"Collective site with host community","Union":"Nhilla","Name_Alias":"Jadimura","SSID":"CXB-037","SMSD__Cnam":"Camp 27","NPM_Name":"Camp 27 (Jadimura)","Area_Acres":329.717421065,"PeriMe_Met":10234.7630837,"Camp_Name":"Camp 27","Area_SqM":"1335948.49913014","Latitude":"20.9360732908125","Longitude":"92.2608639604274"},{"District":"Cox's Bazar","Upazila":"Teknaf","Settlement":"Collective site with host community","Union":"Nhilla","Name_Alias":"Leda","SSID":"CXB-233","SMSD__Cnam":"Camp 24","NPM_Name":"Camp 24 (Leda)","Area_Acres":291.792509274,"PeriMe_Met":5892.36154579,"Camp_Name":"Camp 24","Area_SqM":"1182259.28787822","Latitude":"20.9717243425962","Longitude":"92.2479792428358"},{"District":"Cox's Bazar","Upazila":"Teknaf","Settlement":"Collective site with host community","Union":"Nhilla","Name_Alias":"Nayapara","SSID":"CXB-025","SMSD__Cnam":"Camp 26","NPM_Name":"Camp 26 (Nayapara)","Area_Acres":425.254051047,"PeriMe_Met":13631.2926702,"Camp_Name":"Camp 26","Area_SqM":"1723017.78140538","Latitude":"20.9562033236545","Longitude":"92.2517128638731"},{"District":"Cox's Bazar","Upazila":"Teknaf","Settlement":"Collective site","Union":"Nhilla","Name_Alias":"Nayapara RC","SSID":"CXB-089","SMSD__Cnam":"Camp NRC","NPM_Name":"Nayapara RC","Area_Acres":79.6446991378,"PeriMe_Met":4324.05414885,"Camp_Name":"Nayapara RC","Area_SqM":"322698.456174139","Latitude":"20.9573413338325","Longitude":"92.2498685749993"},{"District":"Cox's Bazar","Upazila":"Ukhia","Settlement":"Collective site","Union":"Palong Khali","Name_Alias":"","SSID":"CXB-216","SMSD__Cnam":"Camp 20","NPM_Name":"Camp 20","Area_Acres":120.860641806,"PeriMe_Met":3924.12455275,"Camp_Name":"Camp 20","Area_SqM":"489606.515751307","Latitude":"21.1908711770983","Longitude":"92.1402964464748"},{"District":"Cox's Bazar","Upazila":"Ukhia","Settlement":"Collective site","Union":"Palong Khali","Name_Alias":"Jomer Chora","SSID":"CXB-210","SMSD__Cnam":"Camp 08E","NPM_Name":"Camp 08E","Area_Acres":236.377965711,"PeriMe_Met":5715.85295487,"Camp_Name":"Camp 8E","Area_SqM":"957604.943888522","Latitude":"21.1955580124316","Longitude":"92.1649657714561"},{"District":"Cox's Bazar","Upazila":"Ukhia","Settlement":"Collective site","Union":"Palong Khali","Name_Alias":"Camp 4 Extension","SSID":"CXB-232","SMSD__Cnam":"Camp 04X","NPM_Name":"Camp 04 Extension","Area_Acres":122.928827552,"PeriMe_Met":3701.30665931,"Camp_Name":"Camp 4 Extension","Area_SqM":"497981.759312198","Latitude":"21.2062719901335","Longitude":"92.1366785096561"},{"District":"Cox's Bazar","Upazila":"Ukhia","Settlement":"Collective site","Union":"Palong Khali","Name_Alias":"Camp 4","SSID":"CXB-206","SMSD__Cnam":"Camp 04","NPM_Name":"Camp 04","Area_Acres":285.441215569,"PeriMe_Met":5068.69424895,"Camp_Name":"Camp 4","Area_SqM":"1156326.99791163","Latitude":"21.2082487067691","Longitude":"92.1428853289051"},{"District":"Cox's Bazar","Upazila":"Ukhia","Settlement":"Collective site","Union":"Whykong","Name_Alias":"Choukhali","SSID":"CXB-235","SMSD__Cnam":"Choukhali","NPM_Name":"Choukhali","Area_Acres":122.117275451,"PeriMe_Met":3211.44652741,"Camp_Name":"Choukhali","Area_SqM":"494700.96850123","Latitude":"21.1421284989665","Longitude":"92.1446999688772"},{"District":"Cox's Bazar","Upazila":"Ukhia","Settlement":"Collective site","Union":"Palong Khali","Name_Alias":"Camp 20 Extension","SSID":"CXB-234","SMSD__Cnam":"Camp 20X","NPM_Name":"Camp 20 Extension","Area_Acres":189.309466031,"PeriMe_Met":4746.37894135,"Camp_Name":"Camp 20 Extension","Area_SqM":"766885.424906059","Latitude":"21.1945851844248","Longitude":"92.1343652215288"},{"District":"Cox's Bazar","Upazila":"Ukhia","Settlement":"Collective site","Union":"Palong Khali","Name_Alias":"Tasnimarkhola","SSID":"CXB-219","SMSD__Cnam":"Camp 19","NPM_Name":"Camp 19","Area_Acres":190.172153297,"PeriMe_Met":5137.61056245,"Camp_Name":"Camp 19","Area_SqM":"770390.146189124","Latitude":"21.1832835528515","Longitude":"92.1423851798054"},{"District":"Cox's Bazar","Upazila":"Ukhia","Settlement":"Collective site","Union":"Palong Khali","Name_Alias":"","SSID":"CXB-207","SMSD__Cnam":"Camp 07","NPM_Name":"Camp 07","Area_Acres":176.454552015,"PeriMe_Met":4562.19852721,"Camp_Name":"Camp 7","Area_SqM":"714845.912257327","Latitude":"21.2031216161799","Longitude":"92.165296514394"},{"District":"Cox's Bazar","Upazila":"Teknaf","Settlement":"Collective site","Union":"Whykong","Name_Alias":"Chakmarkul","SSID":"CXB-108","SMSD__Cnam":"Camp 21","NPM_Name":"Camp 21 (Chakmarkul)","Area_Acres":99.8608026188,"PeriMe_Met":8264.43567621,"Camp_Name":"Camp 21","Area_SqM":"404548.32362484","Latitude":"21.1322127835015","Longitude":"92.158584136583"}]